DATA;DOCUMENTO;CONTADEB;CONTACRED;VALOR;HP;HISTORICO;01;01;EVENTO;CONT;USER;INTEG_TO;XREF
28/11/2013;211;1.1.02.01.0001;4.1.01.01.0001;734,45;; Doc:211 Mov.cliente:  FIAT AUTOMOVEIS AS;01;01;;;;;
10/12/2013;1081;1.1.02.01.0001;4.1.01.01.0001;923,23;; Doc:1081 Mov.cliente:  FIAT AUTOMOVEIS AS;01;01;;;;;
11/12/2013;1158;1.1.02.01.0001;4.1.01.01.0001;1530,63;; Doc:1158 Mov.cliente:  FIAT AUTOMOVEIS AS;01;01;;;;;
12/12/2013;1241;1.1.02.01.0001;4.1.01.01.0001;1629,83;; Doc:1241 Mov.cliente:  FIAT AUTOMOVEIS AS;01;01;;;;;
13/12/2013;1315;1.1.02.01.0001;4.1.01.01.0001;1681,18;; Doc:1315 Mov.cliente:  FIAT AUTOMOVEIS AS;01;01;;;;;
14/12/2013;1389;1.1.02.01.0001;4.1.01.01.0001;897,56;; Doc:1389 Mov.cliente:  FIAT AUTOMOVEIS AS;01;01;;;;;
19/12/2013;1724;1.1.02.01.0001;4.1.01.01.0001;731,44;; Doc:1724 Mov.cliente:  FIAT AUTOMOVEIS AS;01;01;;;;;
27/12/2013;1883;1.1.02.01.0001;4.1.01.01.0001;1433,48;; Doc:1883 Mov.cliente:  FIAT AUTOMOVEIS AS;01;01;;;;;
30/12/2013;1907;1.1.02.01.0001;4.1.01.01.0001;31,06;; Doc:1907 Mov.cliente:  FIAT AUTOMOVEIS AS;01;01;;;;;
19/06/2013;159145;1.1.02.01.0019;4.1.01.01.0001;1480,29;; Doc:159145 Mov.cliente:  IVECO LATIN AMERICA LTDA;01;01;;;;;
19/06/2013;159147;1.1.02.01.0019;4.1.01.01.0001;1544,65;; Doc:159147 Mov.cliente:  IVECO LATIN AMERICA LTDA;01;01;;;;;
19/06/2013;159149;1.1.02.01.0019;4.1.01.01.0001;1544,65;; Doc:159149 Mov.cliente:  IVECO LATIN AMERICA LTDA;01;01;;;;;
19/06/2013;159167;1.1.02.01.0001;4.1.01.01.0001;211,99;; Doc:159167 Mov.cliente:  FIAT AUTOMOVEIS AS;01;01;;;;;
22/06/2013;159202;1.1.02.01.0001;4.1.01.01.0001;32,32;; Doc:159202 Mov.cliente:  FIAT AUTOMOVEIS AS;01;01;;;;;
05/08/2013;165419;1.1.02.01.0001;4.1.01.01.0001;45;; Doc:165419 Mov.cliente:  FIAT AUTOMOVEIS AS;01;01;;;;;1
05/08/2013;165419;4.1.02.02.0003;2.1.04.03.0003;45;; Doc:165419 Mov.cliente:  FIAT AUTOMOVEIS AS;01;01;;;;;1
05/08/2013;165420;1.1.02.01.0001;4.1.01.01.0001;8,52;; Doc:165420 Mov.cliente:  FIAT AUTOMOVEIS AS;01;01;;;;;2
05/08/2013;165420;4.1.02.02.0003;2.1.04.03.0003;8,52;; Doc:165420 Mov.cliente:  FIAT AUTOMOVEIS AS;01;01;;;;;2
06/08/2013;165484;1.1.02.01.0001;4.1.01.01.0001;1042,41;; Doc:165484 Mov.cliente:  FIAT AUTOMOVEIS AS;01;01;;;;;3
06/08/2013;165484;4.1.02.02.0003;2.1.04.03.0003;1042,41;; Doc:165484 Mov.cliente:  FIAT AUTOMOVEIS AS;01;01;;;;;3
08/08/2013;165651;1.1.02.01.0001;4.1.01.01.0001;207,92;; Doc:165651 Mov.cliente:  FIAT AUTOMOVEIS AS;01;01;;;;;4
08/08/2013;165651;4.1.02.02.0003;2.1.04.03.0003;207,92;; Doc:165651 Mov.cliente:  FIAT AUTOMOVEIS AS;01;01;;;;;4
09/08/2013;165748;1.1.02.01.0001;4.1.01.01.0001;692,7;; Doc:165748 Mov.cliente:  FIAT AUTOMOVEIS AS;01;01;;;;;5
09/08/2013;165748;4.1.02.02.0003;2.1.04.03.0003;692,7;; Doc:165748 Mov.cliente:  FIAT AUTOMOVEIS AS;01;01;;;;;5
02/09/2013;167049;1.1.02.01.0001;4.1.01.01.0001;1084,7;; Doc:167049 Mov.cliente:  FIAT AUTOMOVEIS AS;01;01;;;;;
03/09/2013;167163;1.1.02.01.0001;4.1.01.01.0001;189,18;; Doc:167163 Mov.cliente:  FIAT AUTOMOVEIS AS;01;01;;;;;6
03/09/2013;167163;4.1.02.02.0003;2.1.04.03.0003;189,18;; Doc:167163 Mov.cliente:  FIAT AUTOMOVEIS AS;01;01;;;;;6
03/09/2013;167164;1.1.02.01.0001;4.1.01.01.0001;46,55;; Doc:167164 Mov.cliente:  FIAT AUTOMOVEIS AS;01;01;;;;;7
03/09/2013;167164;4.1.02.02.0003;2.1.04.03.0003;46,55;; Doc:167164 Mov.cliente:  FIAT AUTOMOVEIS AS;01;01;;;;;7
03/09/2013;167166;1.1.02.01.0001;4.1.01.01.0001;128,06;; Doc:167166 Mov.cliente:  FIAT AUTOMOVEIS AS;01;01;;;;;8
03/09/2013;167166;4.1.02.02.0003;2.1.04.03.0003;128,06;; Doc:167166 Mov.cliente:  FIAT AUTOMOVEIS AS;01;01;;;;;8
03/09/2013;167167;1.1.02.01.0001;4.1.01.01.0001;117,52;; Doc:167167 Mov.cliente:  FIAT AUTOMOVEIS AS;01;01;;;;;9
03/09/2013;167167;4.1.02.02.0003;2.1.04.03.0003;117,52;; Doc:167167 Mov.cliente:  FIAT AUTOMOVEIS AS;01;01;;;;;9
04/09/2013;167255;1.1.02.01.0001;4.1.01.01.0001;258,22;; Doc:167255 Mov.cliente:  FIAT AUTOMOVEIS AS;01;01;;;;;10
04/09/2013;167255;4.1.02.02.0003;2.1.04.03.0003;258,22;; Doc:167255 Mov.cliente:  FIAT AUTOMOVEIS AS;01;01;;;;;10
04/09/2013;167256;1.1.02.01.0001;4.1.01.01.0001;929,08;; Doc:167256 Mov.cliente:  FIAT AUTOMOVEIS AS;01;01;;;;;11
04/09/2013;167256;4.1.02.02.0003;2.1.04.03.0003;929,08;; Doc:167256 Mov.cliente:  FIAT AUTOMOVEIS AS;01;01;;;;;11
05/09/2013;167337;1.1.02.01.0001;4.1.01.01.0001;675,31;; Doc:167337 Mov.cliente:  FIAT AUTOMOVEIS AS;01;01;;;;;12
05/09/2013;167337;4.1.02.02.0003;2.1.04.03.0003;675,31;; Doc:167337 Mov.cliente:  FIAT AUTOMOVEIS AS;01;01;;;;;12
05/09/2013;167338;1.1.02.01.0001;4.1.01.01.0001;503,93;; Doc:167338 Mov.cliente:  FIAT AUTOMOVEIS AS;01;01;;;;;13
05/09/2013;167338;4.1.02.02.0003;2.1.04.03.0003;503,93;; Doc:167338 Mov.cliente:  FIAT AUTOMOVEIS AS;01;01;;;;;13
06/09/2013;167418;1.1.02.01.0001;4.1.01.01.0001;260,79;; Doc:167418 Mov.cliente:  FIAT AUTOMOVEIS AS;01;01;;;;;14
06/09/2013;167418;4.1.02.02.0003;2.1.04.03.0003;260,79;; Doc:167418 Mov.cliente:  FIAT AUTOMOVEIS AS;01;01;;;;;14
06/09/2013;167422;1.1.02.01.0001;4.1.01.01.0001;358,2;; Doc:167422 Mov.cliente:  FIAT AUTOMOVEIS AS;01;01;;;;;15
06/09/2013;167422;4.1.02.02.0003;2.1.04.03.0003;358,2;; Doc:167422 Mov.cliente:  FIAT AUTOMOVEIS AS;01;01;;;;;15
06/09/2013;167423;1.1.02.01.0001;4.1.01.01.0001;302,13;; Doc:167423 Mov.cliente:  FIAT AUTOMOVEIS AS;01;01;;;;;16
06/09/2013;167423;4.1.02.02.0003;2.1.04.03.0003;302,13;; Doc:167423 Mov.cliente:  FIAT AUTOMOVEIS AS;01;01;;;;;16
06/09/2013;167426;1.1.02.01.0001;4.1.01.01.0001;219,25;; Doc:167426 Mov.cliente:  FIAT AUTOMOVEIS AS;01;01;;;;;17
06/09/2013;167426;4.1.02.02.0003;2.1.04.03.0003;219,25;; Doc:167426 Mov.cliente:  FIAT AUTOMOVEIS AS;01;01;;;;;17
06/09/2013;167455;1.1.02.01.0001;4.1.01.01.0001;523,22;; Doc:167455 Mov.cliente:  FIAT AUTOMOVEIS AS;01;01;;;;;18
06/09/2013;167455;4.1.02.02.0003;2.1.04.03.0003;523,22;; Doc:167455 Mov.cliente:  FIAT AUTOMOVEIS AS;01;01;;;;;18
09/09/2013;167525;1.1.02.01.0001;4.1.01.01.0001;729,14;; Doc:167525 Mov.cliente:  FIAT AUTOMOVEIS AS;01;01;;;;;19
09/09/2013;167525;4.1.02.02.0003;2.1.04.03.0003;729,14;; Doc:167525 Mov.cliente:  FIAT AUTOMOVEIS AS;01;01;;;;;19
09/09/2013;167538;1.1.02.01.0001;4.1.01.01.0001;942,51;; Doc:167538 Mov.cliente:  FIAT AUTOMOVEIS AS;01;01;;;;;
10/09/2013;167626;1.1.02.01.0001;4.1.01.01.0001;748,75;; Doc:167626 Mov.cliente:  FIAT AUTOMOVEIS AS;01;01;;;;;20
10/09/2013;167626;4.1.02.02.0003;2.1.04.03.0003;748,75;; Doc:167626 Mov.cliente:  FIAT AUTOMOVEIS AS;01;01;;;;;20
10/09/2013;167627;1.1.02.01.0001;4.1.01.01.0001;344,54;; Doc:167627 Mov.cliente:  FIAT AUTOMOVEIS AS;01;01;;;;;21
10/09/2013;167627;4.1.02.02.0003;2.1.04.03.0003;344,54;; Doc:167627 Mov.cliente:  FIAT AUTOMOVEIS AS;01;01;;;;;21
11/09/2013;167691;1.1.02.01.0001;4.1.01.01.0001;727,92;; Doc:167691 Mov.cliente:  FIAT AUTOMOVEIS AS;01;01;;;;;
11/09/2013;167703;1.1.02.01.0001;4.1.01.01.0001;116,33;; Doc:167703 Mov.cliente:  FIAT AUTOMOVEIS AS;01;01;;;;;22
11/09/2013;167703;4.1.02.02.0003;2.1.04.03.0003;116,33;; Doc:167703 Mov.cliente:  FIAT AUTOMOVEIS AS;01;01;;;;;22
11/09/2013;167704;1.1.02.01.0001;4.1.01.01.0001;408,2;; Doc:167704 Mov.cliente:  FIAT AUTOMOVEIS AS;01;01;;;;;
11/09/2013;167708;1.1.02.01.0001;4.1.01.01.0001;52,2;; Doc:167708 Mov.cliente:  FIAT AUTOMOVEIS AS;01;01;;;;;23
11/09/2013;167708;4.1.02.02.0003;2.1.04.03.0003;52,2;; Doc:167708 Mov.cliente:  FIAT AUTOMOVEIS AS;01;01;;;;;23
11/09/2013;167738;1.1.02.01.0001;4.1.01.01.0001;132;; Doc:167738 Mov.cliente:  FIAT AUTOMOVEIS AS;01;01;;;;;24
11/09/2013;167738;4.1.02.02.0003;2.1.04.03.0003;132;; Doc:167738 Mov.cliente:  FIAT AUTOMOVEIS AS;01;01;;;;;24
12/09/2013;167820;1.1.02.01.0001;4.1.01.01.0001;289,18;; Doc:167820 Mov.cliente:  FIAT AUTOMOVEIS AS;01;01;;;;;25
12/09/2013;167820;4.1.02.02.0003;2.1.04.03.0003;289,18;; Doc:167820 Mov.cliente:  FIAT AUTOMOVEIS AS;01;01;;;;;25
12/09/2013;167822;1.1.02.01.0001;4.1.01.01.0001;591,07;; Doc:167822 Mov.cliente:  FIAT AUTOMOVEIS AS;01;01;;;;;26
12/09/2013;167822;4.1.02.02.0003;2.1.04.03.0003;591,07;; Doc:167822 Mov.cliente:  FIAT AUTOMOVEIS AS;01;01;;;;;26
13/09/2013;167918;1.1.02.01.0001;4.1.01.01.0001;521,45;; Doc:167918 Mov.cliente:  FIAT AUTOMOVEIS AS;01;01;;;;;
13/09/2013;167920;1.1.02.01.0001;4.1.01.01.0001;429,36;; Doc:167920 Mov.cliente:  FIAT AUTOMOVEIS AS;01;01;;;;;27
13/09/2013;167920;4.1.02.02.0003;2.1.04.03.0003;429,36;; Doc:167920 Mov.cliente:  FIAT AUTOMOVEIS AS;01;01;;;;;27
16/09/2013;168006;1.1.02.01.0001;4.1.01.01.0001;141,67;; Doc:168006 Mov.cliente:  FIAT AUTOMOVEIS AS;01;01;;;;;28
16/09/2013;168006;4.1.02.02.0003;2.1.04.03.0003;141,67;; Doc:168006 Mov.cliente:  FIAT AUTOMOVEIS AS;01;01;;;;;28
16/09/2013;168007;1.1.02.01.0001;4.1.01.01.0001;439,65;; Doc:168007 Mov.cliente:  FIAT AUTOMOVEIS AS;01;01;;;;;29
16/09/2013;168007;4.1.02.02.0003;2.1.04.03.0003;439,65;; Doc:168007 Mov.cliente:  FIAT AUTOMOVEIS AS;01;01;;;;;29
16/09/2013;168009;1.1.02.01.0001;4.1.01.01.0001;211,91;; Doc:168009 Mov.cliente:  FIAT AUTOMOVEIS AS;01;01;;;;;30
16/09/2013;168009;4.1.02.02.0003;2.1.04.03.0003;211,91;; Doc:168009 Mov.cliente:  FIAT AUTOMOVEIS AS;01;01;;;;;30
16/09/2013;168038;1.1.02.01.0001;4.1.01.01.0001;28,08;; Doc:168038 Mov.cliente:  FIAT AUTOMOVEIS AS;01;01;;;;;31
16/09/2013;168038;4.1.02.02.0003;2.1.04.03.0003;28,08;; Doc:168038 Mov.cliente:  FIAT AUTOMOVEIS AS;01;01;;;;;31
16/09/2013;168039;1.1.02.01.0001;4.1.01.01.0001;1299,86;; Doc:168039 Mov.cliente:  FIAT AUTOMOVEIS AS;01;01;;;;;32
16/09/2013;168039;4.1.02.02.0003;2.1.04.03.0003;1299,86;; Doc:168039 Mov.cliente:  FIAT AUTOMOVEIS AS;01;01;;;;;32
17/09/2013;168108;1.1.02.01.0001;4.1.01.01.0001;947,16;; Doc:168108 Mov.cliente:  FIAT AUTOMOVEIS AS;01;01;;;;;
18/09/2013;168199;1.1.02.01.0001;4.1.01.01.0001;1027,85;; Doc:168199 Mov.cliente:  FIAT AUTOMOVEIS AS;01;01;;;;;
18/09/2013;168201;1.1.02.01.0001;4.1.01.01.0001;448,53;; Doc:168201 Mov.cliente:  FIAT AUTOMOVEIS AS;01;01;;;;;33
18/09/2013;168201;4.1.02.02.0003;2.1.04.03.0003;448,53;; Doc:168201 Mov.cliente:  FIAT AUTOMOVEIS AS;01;01;;;;;33
19/09/2013;168310;1.1.02.01.0001;4.1.01.01.0001;1359,14;; Doc:168310 Mov.cliente:  FIAT AUTOMOVEIS AS;01;01;;;;;
19/09/2013;168324;1.1.02.01.0001;4.1.01.01.0001;9;; Doc:168324 Mov.cliente:  FIAT AUTOMOVEIS AS;01;01;;;;;34
19/09/2013;168324;4.1.02.02.0003;2.1.04.03.0003;9;; Doc:168324 Mov.cliente:  FIAT AUTOMOVEIS AS;01;01;;;;;34
20/09/2013;168373;1.1.02.01.0001;4.1.01.01.0001;1001,48;; Doc:168373 Mov.cliente:  FIAT AUTOMOVEIS AS;01;01;;;;;
21/09/2013;168394;1.1.02.01.0001;4.1.01.01.0001;1260,07;; Doc:168394 Mov.cliente:  FIAT AUTOMOVEIS AS;01;01;;;;;
23/09/2013;168465;1.1.02.01.0001;4.1.01.01.0001;1020,64;; Doc:168465 Mov.cliente:  FIAT AUTOMOVEIS AS;01;01;;;;;
24/09/2013;168530;1.1.02.01.0001;4.1.01.01.0001;563,37;; Doc:168530 Mov.cliente:  FIAT AUTOMOVEIS AS;01;01;;;;;35
24/09/2013;168530;4.1.02.02.0003;2.1.04.03.0003;563,37;; Doc:168530 Mov.cliente:  FIAT AUTOMOVEIS AS;01;01;;;;;35
25/09/2013;168616;1.1.02.01.0001;4.1.01.01.0001;2288,99;; Doc:168616 Mov.cliente:  FIAT AUTOMOVEIS AS;01;01;;;;;
26/09/2013;168698;1.1.02.01.0001;4.1.01.01.0001;1256,35;; Doc:168698 Mov.cliente:  FIAT AUTOMOVEIS AS;01;01;;;;;36
26/09/2013;168698;4.1.02.02.0003;2.1.04.03.0003;1256,35;; Doc:168698 Mov.cliente:  FIAT AUTOMOVEIS AS;01;01;;;;;36
26/09/2013;168700;1.1.02.01.0001;4.1.01.01.0001;21,8;; Doc:168700 Mov.cliente:  FIAT AUTOMOVEIS AS;01;01;;;;;37
26/09/2013;168700;4.1.02.02.0003;2.1.04.03.0003;21,8;; Doc:168700 Mov.cliente:  FIAT AUTOMOVEIS AS;01;01;;;;;37
26/09/2013;168701;1.1.02.01.0001;4.1.01.01.0001;31,5;; Doc:168701 Mov.cliente:  FIAT AUTOMOVEIS AS;01;01;;;;;38
26/09/2013;168701;4.1.02.02.0003;2.1.04.03.0003;31,5;; Doc:168701 Mov.cliente:  FIAT AUTOMOVEIS AS;01;01;;;;;38
27/09/2013;168789;1.1.02.01.0001;4.1.01.01.0001;928,37;; Doc:168789 Mov.cliente:  FIAT AUTOMOVEIS AS;01;01;;;;;
27/09/2013;168791;1.1.02.01.0001;4.1.01.01.0001;15,35;; Doc:168791 Mov.cliente:  FIAT AUTOMOVEIS AS;01;01;;;;;39
27/09/2013;168791;4.1.02.02.0003;2.1.04.03.0003;15,35;; Doc:168791 Mov.cliente:  FIAT AUTOMOVEIS AS;01;01;;;;;39
27/09/2013;168792;1.1.02.01.0001;4.1.01.01.0001;81,88;; Doc:168792 Mov.cliente:  FIAT AUTOMOVEIS AS;01;01;;;;;40
27/09/2013;168792;4.1.02.02.0003;2.1.04.03.0003;81,88;; Doc:168792 Mov.cliente:  FIAT AUTOMOVEIS AS;01;01;;;;;40
30/09/2013;168887;1.1.02.01.0001;4.1.01.01.0001;413,16;; Doc:168887 Mov.cliente:  FIAT AUTOMOVEIS AS;01;01;;;;;
30/09/2013;168889;1.1.02.01.0001;4.1.01.01.0001;124,67;; Doc:168889 Mov.cliente:  FIAT AUTOMOVEIS AS;01;01;;;;;41
30/09/2013;168889;4.1.02.02.0003;2.1.04.03.0003;124,67;; Doc:168889 Mov.cliente:  FIAT AUTOMOVEIS AS;01;01;;;;;41
01/10/2013;168971;1.1.02.01.0001;4.1.01.01.0001;956,91;; Doc:168971 Mov.cliente:  FIAT AUTOMOVEIS AS;01;01;;;;;42
01/10/2013;168971;4.1.02.02.0003;2.1.04.03.0003;956,91;; Doc:168971 Mov.cliente:  FIAT AUTOMOVEIS AS;01;01;;;;;42
06/02/2013;169079;1.1.02.01.0001;4.1.01.01.0001;614,95;; Doc:169079 Mov.cliente:  FIAT AUTOMOVEIS AS;01;01;;;;;
03/10/2013;169134;1.1.02.01.0001;4.1.01.01.0001;1261,42;; Doc:169134 Mov.cliente:  FIAT AUTOMOVEIS AS;01;01;;;;;
04/10/2013;169215;1.1.02.01.0001;4.1.01.01.0001;941,06;; Doc:169215 Mov.cliente:  FIAT AUTOMOVEIS AS;01;01;;;;;43
04/10/2013;169215;4.1.02.02.0003;2.1.04.03.0003;941,06;; Doc:169215 Mov.cliente:  FIAT AUTOMOVEIS AS;01;01;;;;;43
04/10/2013;169238;1.1.02.01.0001;4.1.01.01.0001;405,59;; Doc:169238 Mov.cliente:  FIAT AUTOMOVEIS AS;01;01;;;;;44
04/10/2013;169238;4.1.02.02.0003;2.1.04.03.0003;405,59;; Doc:169238 Mov.cliente:  FIAT AUTOMOVEIS AS;01;01;;;;;44
07/10/2013;169312;1.1.02.01.0001;4.1.01.01.0001;1616,55;; Doc:169312 Mov.cliente:  FIAT AUTOMOVEIS AS;01;01;;;;;45
07/10/2013;169312;4.1.02.02.0003;2.1.04.03.0003;1616,55;; Doc:169312 Mov.cliente:  FIAT AUTOMOVEIS AS;01;01;;;;;45
08/10/2013;169405;1.1.02.01.0001;4.1.01.01.0001;1192,54;; Doc:169405 Mov.cliente:  FIAT AUTOMOVEIS AS;01;01;;;;;
09/10/2013;169501;1.1.02.01.0001;4.1.01.01.0001;53,88;; Doc:169501 Mov.cliente:  FIAT AUTOMOVEIS AS;01;01;;;;;46
09/10/2013;169501;4.1.02.02.0003;2.1.04.03.0003;53,88;; Doc:169501 Mov.cliente:  FIAT AUTOMOVEIS AS;01;01;;;;;46
09/10/2013;169504;1.1.02.01.0001;4.1.01.01.0001;382,45;; Doc:169504 Mov.cliente:  FIAT AUTOMOVEIS AS;01;01;;;;;
09/10/2013;169505;1.1.02.01.0001;4.1.01.01.0001;16,3;; Doc:169505 Mov.cliente:  FIAT AUTOMOVEIS AS;01;01;;;;;47
09/10/2013;169505;4.1.02.02.0003;2.1.04.03.0003;16,3;; Doc:169505 Mov.cliente:  FIAT AUTOMOVEIS AS;01;01;;;;;47
10/10/2013;169576;1.1.02.01.0001;4.1.01.01.0001;657,58;; Doc:169576 Mov.cliente:  FIAT AUTOMOVEIS AS;01;01;;;;;
11/10/2013;169698;1.1.02.01.0001;4.1.01.01.0001;280,99;; Doc:169698 Mov.cliente:  FIAT AUTOMOVEIS AS;01;01;;;;;48
11/10/2013;169698;4.1.02.02.0003;2.1.04.03.0003;280,99;; Doc:169698 Mov.cliente:  FIAT AUTOMOVEIS AS;01;01;;;;;48
14/10/2013;169758;1.1.02.01.0001;4.1.01.01.0001;20,63;; Doc:169758 Mov.cliente:  FIAT AUTOMOVEIS AS;01;01;;;;;49
14/10/2013;169758;4.1.02.02.0003;2.1.04.03.0003;20,63;; Doc:169758 Mov.cliente:  FIAT AUTOMOVEIS AS;01;01;;;;;49
14/10/2013;169759;1.1.02.01.0001;4.1.01.01.0001;752,07;; Doc:169759 Mov.cliente:  FIAT AUTOMOVEIS AS;01;01;;;;;
15/10/2013;169836;1.1.02.01.0001;4.1.01.01.0001;685,63;; Doc:169836 Mov.cliente:  FIAT AUTOMOVEIS AS;01;01;;;;;50
15/10/2013;169836;4.1.02.02.0003;2.1.04.03.0003;685,63;; Doc:169836 Mov.cliente:  FIAT AUTOMOVEIS AS;01;01;;;;;50
15/10/2013;169857;1.1.02.01.0001;4.1.01.01.0001;665,04;; Doc:169857 Mov.cliente:  FIAT AUTOMOVEIS AS;01;01;;;;;
16/10/2013;169922;1.1.02.01.0001;4.1.01.01.0001;1190,51;; Doc:169922 Mov.cliente:  FIAT AUTOMOVEIS AS;01;01;;;;;51
16/10/2013;169922;4.1.02.02.0003;2.1.04.03.0003;1190,51;; Doc:169922 Mov.cliente:  FIAT AUTOMOVEIS AS;01;01;;;;;51
16/10/2013;169934;1.1.02.01.0001;4.1.01.01.0001;13,44;; Doc:169934 Mov.cliente:  FIAT AUTOMOVEIS AS;01;01;;;;;52
16/10/2013;169934;4.1.02.02.0003;2.1.04.03.0003;13,44;; Doc:169934 Mov.cliente:  FIAT AUTOMOVEIS AS;01;01;;;;;52
17/10/2013;170012;1.1.02.01.0001;4.1.01.01.0001;1236,77;; Doc:170012 Mov.cliente:  FIAT AUTOMOVEIS AS;01;01;;;;;
18/10/2013;170088;1.1.02.01.0001;4.1.01.01.0001;1815,1;; Doc:170088 Mov.cliente:  FIAT AUTOMOVEIS AS;01;01;;;;;
21/10/2013;170176;1.1.02.01.0001;4.1.01.01.0001;1083,47;; Doc:170176 Mov.cliente:  FIAT AUTOMOVEIS AS;01;01;;;;;
22/10/2013;170249;1.1.02.01.0001;4.1.01.01.0001;810,31;; Doc:170249 Mov.cliente:  FIAT AUTOMOVEIS AS;01;01;;;;;
25/10/2013;170498;1.1.02.01.0001;4.1.01.01.0001;163,55;; Doc:170498 Mov.cliente:  FIAT AUTOMOVEIS AS;01;01;;;;;53
25/10/2013;170498;4.1.02.02.0003;2.1.04.03.0003;163,55;; Doc:170498 Mov.cliente:  FIAT AUTOMOVEIS AS;01;01;;;;;53
25/10/2013;170523;1.1.02.01.0001;4.1.01.01.0001;1024,47;; Doc:170523 Mov.cliente:  FIAT AUTOMOVEIS AS;01;01;;;;;54
25/10/2013;170523;4.1.02.02.0003;2.1.04.03.0003;1024,47;; Doc:170523 Mov.cliente:  FIAT AUTOMOVEIS AS;01;01;;;;;54
29/10/2013;170662;1.1.02.01.0001;4.1.01.01.0001;835,84;; Doc:170662 Mov.cliente:  FIAT AUTOMOVEIS AS;01;01;;;;;
29/10/2013;170683;1.1.02.01.0001;4.1.01.01.0001;34,56;; Doc:170683 Mov.cliente:  FIAT AUTOMOVEIS AS;01;01;;;;;
30/10/2013;170744;1.1.02.01.0001;4.1.01.01.0001;1015,26;; Doc:170744 Mov.cliente:  FIAT AUTOMOVEIS AS;01;01;;;;;
31/10/2013;170792;1.1.02.01.0001;4.1.01.01.0001;1092,36;; Doc:170792 Mov.cliente:  FIAT AUTOMOVEIS AS;01;01;;;;;
01/11/2013;170860;1.1.02.01.0001;4.1.01.01.0001;586,85;; Doc:170860 Mov.cliente:  FIAT AUTOMOVEIS AS;01;01;;;;;
05/11/2013;171012;1.1.02.01.0001;4.1.01.01.0001;983,18;; Doc:171012 Mov.cliente:  FIAT AUTOMOVEIS AS;01;01;;;;;
08/11/2013;171257;1.1.02.01.0001;4.1.01.01.0001;600,58;; Doc:171257 Mov.cliente:  FIAT AUTOMOVEIS AS;01;01;;;;;
11/11/2013;171351;1.1.02.01.0001;4.1.01.01.0001;1108,03;; Doc:171351 Mov.cliente:  FIAT AUTOMOVEIS AS;01;01;;;;;
12/11/2013;171430;1.1.02.01.0001;4.1.01.01.0001;969,25;; Doc:171430 Mov.cliente:  FIAT AUTOMOVEIS AS;01;01;;;;;
13/11/2013;171514;1.1.02.01.0001;4.1.01.01.0001;390,48;; Doc:171514 Mov.cliente:  FIAT AUTOMOVEIS AS;01;01;;;;;
18/03/2013;171529;1.1.02.01.0001;4.1.01.01.0001;79,44;; Doc:171529 Mov.cliente:  FIAT AUTOMOVEIS AS;01;01;;;;;
14/11/2013;171596;1.1.02.01.0001;4.1.01.01.0001;573,44;; Doc:171596 Mov.cliente:  FIAT AUTOMOVEIS AS;01;01;;;;;
19/11/2013;171696;1.1.02.01.0001;4.1.01.01.0001;784,53;; Doc:171696 Mov.cliente:  FIAT AUTOMOVEIS AS;01;01;;;;;
21/11/2013;171854;1.1.02.01.0001;4.1.01.01.0001;2037,41;; Doc:171854 Mov.cliente:  FIAT AUTOMOVEIS AS;01;01;;;;;
22/11/2013;171922;1.1.02.01.0001;4.1.01.01.0001;997,75;; Doc:171922 Mov.cliente:  FIAT AUTOMOVEIS AS;01;01;;;;;
23/11/2013;171952;1.1.02.01.0001;4.1.01.01.0001;830,84;; Doc:171952 Mov.cliente:  FIAT AUTOMOVEIS AS;01;01;;;;;
30/03/2013;172453;1.1.02.01.0001;4.1.01.01.0001;2000,42;; Doc:172453 Mov.cliente:  FIAT AUTOMOVEIS AS;01;01;;;;;
01/04/2013;172506;1.1.02.01.0001;4.1.01.01.0001;1135,8;; Doc:172506 Mov.cliente:  FIAT AUTOMOVEIS AS;01;01;;;;;
04/04/2013;172824;1.1.02.01.0001;4.1.01.01.0001;1478,69;; Doc:172824 Mov.cliente:  FIAT AUTOMOVEIS AS;01;01;;;;;
04/04/2013;172830;1.1.02.01.0001;4.1.01.01.0001;2,7;; Doc:172830 Mov.cliente:  FIAT AUTOMOVEIS AS;01;01;;;;;
04/04/2013;172831;1.1.02.01.0001;4.1.01.01.0001;26;; Doc:172831 Mov.cliente:  FIAT AUTOMOVEIS AS;01;01;;;;;
04/04/2013;172836;1.1.02.01.0001;4.1.01.01.0001;42,24;; Doc:172836 Mov.cliente:  FIAT AUTOMOVEIS AS;01;01;;;;;
12/04/2013;173414;1.1.02.01.0001;4.1.01.01.0001;546,18;; Doc:173414 Mov.cliente:  FIAT AUTOMOVEIS AS;01;01;;;;;
12/04/2013;173417;1.1.02.01.0001;4.1.01.01.0001;1379,79;; Doc:173417 Mov.cliente:  FIAT AUTOMOVEIS AS;01;01;;;;;
23/04/2013;174202;1.1.02.01.0001;4.1.01.01.0001;390,49;; Doc:174202 Mov.cliente:  FIAT AUTOMOVEIS AS;01;01;;;;;
06/05/2013;175032;1.1.02.01.0001;4.1.01.01.0001;1094,23;; Doc:175032 Mov.cliente:  FIAT AUTOMOVEIS AS;01;01;;;;;
10/05/2013;175440;1.1.02.01.0001;4.1.01.01.0001;1710,74;; Doc:175440 Mov.cliente:  FIAT AUTOMOVEIS AS;01;01;;;;;
13/05/2013;175589;1.1.02.01.0001;4.1.01.01.0001;958,07;; Doc:175589 Mov.cliente:  FIAT AUTOMOVEIS AS;01;01;;;;;
16/05/2013;175882;1.1.02.01.0001;4.1.01.01.0001;938,02;; Doc:175882 Mov.cliente:  FIAT AUTOMOVEIS AS;01;01;;;;;
17/05/2013;176020;1.1.02.01.0001;4.1.01.01.0001;980,25;; Doc:176020 Mov.cliente:  FIAT AUTOMOVEIS AS;01;01;;;;;
20/05/2013;176170;1.1.02.01.0001;4.1.01.01.0001;794,72;; Doc:176170 Mov.cliente:  FIAT AUTOMOVEIS AS;01;01;;;;;
05/06/2013;177331;1.1.02.01.0001;4.1.01.01.0001;1456,02;; Doc:177331 Mov.cliente:  FIAT AUTOMOVEIS AS;01;01;;;;;55
05/06/2013;177331;4.1.02.02.0003;2.1.04.03.0003;1456,02;; Doc:177331 Mov.cliente:  FIAT AUTOMOVEIS AS;01;01;;;;;55
05/06/2013;177343;1.1.02.01.0001;4.1.01.01.0001;141,38;; Doc:177343 Mov.cliente:  FIAT AUTOMOVEIS AS;01;01;;;;;56
05/06/2013;177343;4.1.02.02.0003;2.1.04.03.0003;141,38;; Doc:177343 Mov.cliente:  FIAT AUTOMOVEIS AS;01;01;;;;;56
06/06/2013;177424;1.1.02.01.0001;4.1.01.01.0001;12,24;; Doc:177424 Mov.cliente:  FIAT AUTOMOVEIS AS;01;01;;;;;57
06/06/2013;177424;4.1.02.02.0003;2.1.04.03.0003;12,24;; Doc:177424 Mov.cliente:  FIAT AUTOMOVEIS AS;01;01;;;;;57
06/06/2013;177430;1.1.02.01.0001;4.1.01.01.0001;929,67;; Doc:177430 Mov.cliente:  FIAT AUTOMOVEIS AS;01;01;;;;;58
06/06/2013;177430;4.1.02.02.0003;2.1.04.03.0003;929,67;; Doc:177430 Mov.cliente:  FIAT AUTOMOVEIS AS;01;01;;;;;58
08/06/2013;177563;1.1.02.01.0001;4.1.01.01.0001;1377,36;; Doc:177563 Mov.cliente:  FIAT AUTOMOVEIS AS;01;01;;;;;59
08/06/2013;177563;4.1.02.02.0003;2.1.04.03.0003;1377,36;; Doc:177563 Mov.cliente:  FIAT AUTOMOVEIS AS;01;01;;;;;59
10/06/2013;177627;1.1.02.01.0001;4.1.01.01.0001;1573,21;; Doc:177627 Mov.cliente:  FIAT AUTOMOVEIS AS;01;01;;;;;60
10/06/2013;177627;4.1.02.02.0003;2.1.04.03.0003;1573,21;; Doc:177627 Mov.cliente:  FIAT AUTOMOVEIS AS;01;01;;;;;60
11/06/2013;177743;1.1.02.01.0001;4.1.01.01.0001;989,76;; Doc:177743 Mov.cliente:  FIAT AUTOMOVEIS AS;01;01;;;;;61
11/06/2013;177743;4.1.02.02.0003;2.1.04.03.0003;989,76;; Doc:177743 Mov.cliente:  FIAT AUTOMOVEIS AS;01;01;;;;;61
12/06/2013;177815;1.1.02.01.0001;4.1.01.01.0001;476,66;; Doc:177815 Mov.cliente:  FIAT AUTOMOVEIS AS;01;01;;;;;
12/06/2013;177873;1.1.02.01.0001;4.1.01.01.0001;484,09;; Doc:177873 Mov.cliente:  FIAT AUTOMOVEIS AS;01;01;;;;;62
12/06/2013;177873;4.1.02.02.0003;2.1.04.03.0003;484,09;; Doc:177873 Mov.cliente:  FIAT AUTOMOVEIS AS;01;01;;;;;62
13/06/2013;177942;1.1.02.01.0001;4.1.01.01.0001;469,3;; Doc:177942 Mov.cliente:  FIAT AUTOMOVEIS AS;01;01;;;;;63
13/06/2013;177942;4.1.02.02.0003;2.1.04.03.0003;469,3;; Doc:177942 Mov.cliente:  FIAT AUTOMOVEIS AS;01;01;;;;;63
15/06/2013;178101;1.1.02.01.0001;4.1.01.01.0001;745,61;; Doc:178101 Mov.cliente:  FIAT AUTOMOVEIS AS;01;01;;;;;64
15/06/2013;178101;4.1.02.02.0003;2.1.04.03.0003;745,61;; Doc:178101 Mov.cliente:  FIAT AUTOMOVEIS AS;01;01;;;;;64
17/06/2013;178154;1.1.02.01.0001;4.1.01.01.0001;1037,26;; Doc:178154 Mov.cliente:  FIAT AUTOMOVEIS AS;01;01;;;;;65
17/06/2013;178154;4.1.02.02.0003;2.1.04.03.0003;1037,26;; Doc:178154 Mov.cliente:  FIAT AUTOMOVEIS AS;01;01;;;;;65
18/06/2013;178239;1.1.02.01.0001;4.1.01.01.0001;944,45;; Doc:178239 Mov.cliente:  FIAT AUTOMOVEIS AS;01;01;;;;;66
18/06/2013;178239;4.1.02.02.0003;2.1.04.03.0003;944,45;; Doc:178239 Mov.cliente:  FIAT AUTOMOVEIS AS;01;01;;;;;66
19/06/2013;178289;1.1.02.01.0001;4.1.01.01.0001;461,3;; Doc:178289 Mov.cliente:  FIAT AUTOMOVEIS AS;01;01;;;;;67
19/06/2013;178289;4.1.02.02.0003;2.1.04.03.0003;461,3;; Doc:178289 Mov.cliente:  FIAT AUTOMOVEIS AS;01;01;;;;;67
20/06/2013;178381;1.1.02.01.0001;4.1.01.01.0001;890,49;; Doc:178381Mov.cliente:  FIAT AUTOMOVEIS AS;01;01;;;;;68
20/06/2013;178381;4.1.02.02.0003;2.1.04.03.0003;890,49;; Doc:178381Mov.cliente:  FIAT AUTOMOVEIS AS;01;01;;;;;68
20/06/2013;178384;1.1.02.01.0001;4.1.01.01.0001;231,99;; Doc:178384 Mov.cliente:  FIAT AUTOMOVEIS AS;01;01;;;;;69
20/06/2013;178384;4.1.02.02.0003;2.1.04.03.0003;231,99;; Doc:178384 Mov.cliente:  FIAT AUTOMOVEIS AS;01;01;;;;;69
21/06/2013;178481;1.1.02.01.0001;4.1.01.01.0001;445,2;; Doc:178481 Mov.cliente:  FIAT AUTOMOVEIS AS;01;01;;;;;70
21/06/2013;178481;4.1.02.02.0003;2.1.04.03.0003;445,2;; Doc:178481 Mov.cliente:  FIAT AUTOMOVEIS AS;01;01;;;;;70
24/06/2013;178554;1.1.02.01.0001;4.1.01.01.0001;484,46;; Doc:178554 Mov.cliente:  FIAT AUTOMOVEIS AS;01;01;;;;;71
24/06/2013;178554;4.1.02.02.0003;2.1.04.03.0003;484,46;; Doc:178554 Mov.cliente:  FIAT AUTOMOVEIS AS;01;01;;;;;71
25/06/2013;178619;1.1.02.01.0001;4.1.01.01.0001;1260,11;; Doc:178619 Mov.cliente:  FIAT AUTOMOVEIS AS;01;01;;;;;72
25/06/2013;178619;4.1.02.02.0003;2.1.04.03.0003;1260,11;; Doc:178619 Mov.cliente:  FIAT AUTOMOVEIS AS;01;01;;;;;72
26/06/2013;178679;1.1.02.01.0001;4.1.01.01.0001;670,83;; Doc:178679 Mov.cliente:  FIAT AUTOMOVEIS AS;01;01;;;;;73
26/06/2013;178679;4.1.02.02.0003;2.1.04.03.0003;670,83;; Doc:178679 Mov.cliente:  FIAT AUTOMOVEIS AS;01;01;;;;;73
27/06/2013;178731;1.1.02.01.0001;4.1.01.01.0001;974,06;; Doc:178731 Mov.cliente:  FIAT AUTOMOVEIS AS;01;01;;;;;74
27/06/2013;178731;4.1.02.02.0003;2.1.04.03.0003;974,06;; Doc:178731 Mov.cliente:  FIAT AUTOMOVEIS AS;01;01;;;;;74
28/06/2013;178797;1.1.02.01.0001;4.1.01.01.0001;1961,13;; Doc:178797 Mov.cliente:  FIAT AUTOMOVEIS AS;01;01;;;;;
28/06/2013;178801;1.1.02.01.0001;4.1.01.01.0001;980,56;; Doc:178801 Mov.cliente:  FIAT AUTOMOVEIS AS;01;01;;;;;
28/06/2013;178803;1.1.02.01.0001;4.1.01.01.0001;731,08;; Doc:178803 Mov.cliente:  FIAT AUTOMOVEIS AS;01;01;;;;;75
28/06/2013;178803;4.1.02.02.0003;2.1.04.03.0003;731,08;; Doc:178803 Mov.cliente:  FIAT AUTOMOVEIS AS;01;01;;;;;75
28/06/2013;178821;1.1.02.01.0001;4.1.01.01.0001;384,64;; Doc:178821 Mov.cliente:  FIAT AUTOMOVEIS AS;01;01;;;;;76
28/06/2013;178821;4.1.02.02.0003;2.1.04.03.0003;384,64;; Doc:178821 Mov.cliente:  FIAT AUTOMOVEIS AS;01;01;;;;;76
06/07/2013;179142;1.1.02.01.0001;4.1.01.01.0001;1117,19;; Doc:179142 Mov.cliente:  FIAT AUTOMOVEIS AS;01;01;;;;;
09/07/2013;179294;1.1.02.01.0001;4.1.01.01.0001;586,97;; Doc:179294 Mov.cliente:  FIAT AUTOMOVEIS AS;01;01;;;;;
10/07/2013;179384;1.1.02.01.0001;4.1.01.01.0001;379,28;; Doc:179384 Mov.cliente:  FIAT AUTOMOVEIS AS;01;01;;;;;
12/07/2013;179562;1.1.02.01.0001;4.1.01.01.0001;242,83;; Doc:179562 Mov.cliente:  FIAT AUTOMOVEIS AS;01;01;;;;;
17/07/2013;179681;1.1.02.01.0001;4.1.01.01.0001;826,86;; Doc:179681 Mov.cliente:  FIAT AUTOMOVEIS AS;01;01;;;;;
18/07/2013;179763;1.1.02.01.0001;4.1.01.01.0001;484,17;; Doc:179763 Mov.cliente:  FIAT AUTOMOVEIS AS;01;01;;;;;
19/07/2013;179838;1.1.02.01.0001;4.1.01.01.0001;653,48;; Doc:179838 Mov.cliente:  FIAT AUTOMOVEIS AS;01;01;;;;;
23/07/2013;180031;1.1.02.01.0001;4.1.01.01.0001;597,56;; Doc:180031 Mov.cliente:  FIAT AUTOMOVEIS AS;01;01;;;;;
25/07/2013;180175;1.1.02.01.0001;4.1.01.01.0001;508,86;; Doc:180175 Mov.cliente:  FIAT AUTOMOVEIS AS;01;01;;;;;
26/07/2013;180253;1.1.02.01.0001;4.1.01.01.0001;408,86;; Doc:180253 Mov.cliente:  FIAT AUTOMOVEIS AS;01;01;;;;;
31/07/2013;180431;1.1.02.01.0001;4.1.01.01.0001;1320,85;; Doc:180431 Mov.cliente:  FIAT AUTOMOVEIS AS;01;01;;;;;
31/07/2013;180446;1.1.02.01.0001;4.1.01.01.0001;266,04;; Doc:180446 Mov.cliente:  FIAT AUTOMOVEIS AS;01;01;;;;;
01/08/2013;180504;1.1.02.01.0001;4.1.01.01.0001;213,67;; Doc:180504 Mov.cliente:  FIAT AUTOMOVEIS AS;01;01;;;;;
